{
    "uncompressed_size": 34492,
    "compressed_size": 6687,
    "compression_ratio": 5.1580678929265735,
    "mean_positive_depth": 15.496314496314497,
    "median_positive_depth": 15.0,
    "coverage": 0.907,
    "total_samples": 907,
    "total_possible_samples": 1000
}