{
    "uncompressed_size": 55548,
    "compressed_size": 15593,
    "compression_ratio": 3.5623677291092157,
    "mean_positive_depth": 13.120408163265306,
    "median_positive_depth": 13.0,
    "coverage": 0.99,
    "total_samples": 990,
    "total_possible_samples": 1000
}