{
    "uncompressed_size": 39783,
    "compressed_size": 5151,
    "compression_ratio": 7.7233546884100175,
    "mean_positive_depth": 14.186893203883495,
    "median_positive_depth": 14.0,
    "coverage": 0.912,
    "total_samples": 912,
    "total_possible_samples": 1000
}