{
    "uncompressed_size": 47811,
    "compressed_size": 12312,
    "compression_ratio": 3.8832846003898633,
    "mean_positive_depth": 13.537037037037036,
    "median_positive_depth": 14.0,
    "coverage": 0.986,
    "total_samples": 986,
    "total_possible_samples": 1000
}