{
    "uncompressed_size": 53865,
    "compressed_size": 16374,
    "compression_ratio": 3.2896665445218027,
    "mean_positive_depth": 13.118503118503119,
    "median_positive_depth": 13.0,
    "coverage": 0.981,
    "total_samples": 981,
    "total_possible_samples": 1000
}