{
    "uncompressed_size": 59468,
    "compressed_size": 15241,
    "compression_ratio": 3.9018437110425825,
    "mean_positive_depth": 13.371428571428572,
    "median_positive_depth": 13.0,
    "coverage": 0.99,
    "total_samples": 990,
    "total_possible_samples": 1000
}