{
    "uncompressed_size": 29930,
    "compressed_size": 8493,
    "compression_ratio": 3.5240786530083597,
    "mean_positive_depth": 11.490666666666666,
    "median_positive_depth": 11.0,
    "coverage": 0.875,
    "total_samples": 875,
    "total_possible_samples": 1000
}