{
    "uncompressed_size": 38103,
    "compressed_size": 7097,
    "compression_ratio": 5.3688882626461885,
    "mean_positive_depth": 13.934599156118143,
    "median_positive_depth": 14.0,
    "coverage": 0.973,
    "total_samples": 973,
    "total_possible_samples": 1000
}