{
    "uncompressed_size": 48977,
    "compressed_size": 13905,
    "compression_ratio": 3.5222581805106077,
    "mean_positive_depth": 13.348979591836734,
    "median_positive_depth": 13.0,
    "coverage": 0.99,
    "total_samples": 990,
    "total_possible_samples": 1000
}