{
    "uncompressed_size": 59942,
    "compressed_size": 11301,
    "compression_ratio": 5.3041323776656935,
    "mean_positive_depth": 13.526096033402922,
    "median_positive_depth": 13.0,
    "coverage": 0.979,
    "total_samples": 979,
    "total_possible_samples": 1000
}