{
    "uncompressed_size": 49414,
    "compressed_size": 11889,
    "compression_ratio": 4.156278913281184,
    "mean_positive_depth": 13.668032786885245,
    "median_positive_depth": 14.0,
    "coverage": 0.988,
    "total_samples": 988,
    "total_possible_samples": 1000
}