{
    "uncompressed_size": 26541,
    "compressed_size": 6720,
    "compression_ratio": 3.9495535714285714,
    "mean_positive_depth": 10.981132075471699,
    "median_positive_depth": 11.0,
    "coverage": 0.818,
    "total_samples": 818,
    "total_possible_samples": 1000
}