{
    "uncompressed_size": 48700,
    "compressed_size": 13749,
    "compression_ratio": 3.5420757873299875,
    "mean_positive_depth": 13.289795918367346,
    "median_positive_depth": 13.0,
    "coverage": 0.99,
    "total_samples": 990,
    "total_possible_samples": 1000
}