{
    "uncompressed_size": 31339,
    "compressed_size": 5392,
    "compression_ratio": 5.8121290801186944,
    "mean_positive_depth": 13.094972067039107,
    "median_positive_depth": 13.0,
    "coverage": 0.858,
    "total_samples": 858,
    "total_possible_samples": 1000
}