{
    "uncompressed_size": 48754,
    "compressed_size": 12817,
    "compression_ratio": 3.8038542560661623,
    "mean_positive_depth": 13.277551020408163,
    "median_positive_depth": 13.0,
    "coverage": 0.99,
    "total_samples": 990,
    "total_possible_samples": 1000
}