{
    "uncompressed_size": 49082,
    "compressed_size": 13582,
    "compression_ratio": 3.6137534972758063,
    "mean_positive_depth": 13.353061224489796,
    "median_positive_depth": 14.0,
    "coverage": 0.99,
    "total_samples": 990,
    "total_possible_samples": 1000
}