{
    "uncompressed_size": 41777,
    "compressed_size": 12610,
    "compression_ratio": 3.3130055511498813,
    "mean_positive_depth": 12.544642857142858,
    "median_positive_depth": 13.0,
    "coverage": 0.948,
    "total_samples": 948,
    "total_possible_samples": 1000
}