{
    "uncompressed_size": 52208,
    "compressed_size": 15512,
    "compression_ratio": 3.365652398143373,
    "mean_positive_depth": 13.325819672131148,
    "median_positive_depth": 13.0,
    "coverage": 0.988,
    "total_samples": 988,
    "total_possible_samples": 1000
}