{
    "uncompressed_size": 42940,
    "compressed_size": 10055,
    "compression_ratio": 4.270512182993536,
    "mean_positive_depth": 13.573804573804575,
    "median_positive_depth": 14.0,
    "coverage": 0.981,
    "total_samples": 981,
    "total_possible_samples": 1000
}