{
    "uncompressed_size": 48682,
    "compressed_size": 12572,
    "compression_ratio": 3.8722558065542474,
    "mean_positive_depth": 13.412244897959184,
    "median_positive_depth": 13.0,
    "coverage": 0.99,
    "total_samples": 990,
    "total_possible_samples": 1000
}