{
    "uncompressed_size": 58216,
    "compressed_size": 14591,
    "compression_ratio": 3.9898567610170654,
    "mean_positive_depth": 13.968944099378882,
    "median_positive_depth": 14.0,
    "coverage": 0.983,
    "total_samples": 983,
    "total_possible_samples": 1000
}